Sample;X(ms) [22.03.2026 17:05:56 100 UTC];"Int_PT10[%MD98]";"Int_FC10[%MD102]";"Int_EV11_CO[%MD106]";"FT10_Int[%MD22]";"PT10_Int[%MD30]"
0;1774199156170,105552;0;0;0;0;713
1;1774199156270,107720;0;0;0;0;713
2;1774199156370,118208;0;0;0;0;713
3;1774199156470,118264;0;0;0;0;713
4;1774199156570,109232;0;0;0;0;693
5;1774199156670,119384;0;0;0;0;693
6;1774199156770,112776;0;0;0;0;693
7;1774199156870,123264;0;0;0;0;693
8;1774199156970,107096;0;0;0;0;713
9;1774199157070,120584;0;0;0;0;713
10;1774199157170,121536;0;0;0;9;713
11;1774199157270,117384;0;0;0;0;713
12;1774199157370,105480;0;0;0;0;713
13;1774199157470,127592;0;0;0;0;713
14;1774199157570,122272;0;0;0;0;713
15;1774199157670,108192;0;0;0;0;693
16;1774199157770,112168;0;0;0;0;713
17;1774199157870,123616;0;0;0;0;713
18;1774199157970,112424;0;0;0;0;713
19;1774199158070,119080;0;0;0;0;713
20;1774199158170,117824;0;0;0;0;713
21;1774199158270,373496;0;0;0;0;713
22;1774199158370,123784;0;0;0;0;713
23;1774199158470,109856;0;0;0;0;693
24;1774199158570,112104;0;0;0;0;693
25;1774199158670,125800;0;0;0;0;693
26;1774199158770,117320;0;0;0;0;693
27;1774199158870,106496;0;0;0;0;713
28;1774199158970,111672;0;0;0;0;713
29;1774199159070,105880;0;0;0;0;733
30;1774199159170,106016;0;0;0;0;733
31;1774199159270,119192;0;0;0;0;713
32;1774199159370,107912;0;0;0;0;713
33;1774199159470,118024;0;0;0;0;713
34;1774199159570,123872;0;0;0;0;713
35;1774199159670,117376;0;0;0;0;713
36;1774199159770,111824;0;0;0;0;693
37;1774199159870,118688;0;0;0;0;693
38;1774199159970,121384;0;0;0;0;693
39;1774199160070,124664;0;0;0;0;693
40;1774199160170,126048;0;0;0;0;713
41;1774199160270,117328;0;0;0;0;713
42;1774199160370,110064;0;0;0;0;713
43;1774199160470,122464;0;0;0;0;713
44;1774199160570,108016;0;0;0;0;713
45;1774199160670,112576;0;0;0;0;713
46;1774199160770,122664;0;0;0;0;713
47;1774199160870,117456;0;0;0;0;713
48;1774199160970,105928;0;0;0;0;713
49;1774199161070,110000;0;0;0;0;713
50;1774199161170,106024;0;0;0;0;713
51;1774199161270,118840;0;0;0;0;713
52;1774199161370,119536;0;0;0;0;713
53;1774199161470,120824;0;0;0;0;713
54;1774199161570,112384;0;0;0;0;713
55;1774199161670,109200;0;0;0;0;713
56;1774199161770,123048;0;0;0;0;713
57;1774199161870,109528;0;0;0;0;792
58;1774199161970,120536;0;0;0;0;693
59;1774199162070,118120;0;0;0;0;693
60;1774199162170,105720;0;450;0;0;693
61;1774199162270,117880;0;450;0;0;713
62;1774199162370,110080;0;0;0;0;713
63;1774199162470,118784;0;0;0;0;713
64;1774199162570,117536;0;0;0;0;713
65;1774199162670,118152;0;0;0;0;713
66;1774199162770,117608;0;0;0;-3;693
67;1774199162870,126184;0;0;0;-3;713
68;1774199162970,106232;0;0;0;0;713
69;1774199163070,121984;0;0;0;0;713
70;1774199163170,113080;0;0;0;0;713
71;1774199163270,124448;50000;0;0;0;713
72;1774199163370,117976;50000;30000;0;0;713
73;1774199163470,106816;50000;30000;0;0;713
74;1774199163570,133056;50000;30000;0;0;713
75;1774199163670,106112;50000;30000;0;0;713
76;1774199163770,117320;50000;30000;0;0;713
77;1774199163870,105144;50000;30000;0;0;693
78;1774199163970,287840;50000;30000;0;0;713
79;1774199164070,108792;50000;30000;0;0;713
80;1774199164170,117416;50000;30000;0;0;713
81;1774199164270,123928;50000;30000;0;0;713
82;1774199164370,120216;50000;30000;0;0;713
83;1774199164470,120616;50000;30000;0;0;713
84;1774199164570,123152;50000;30000;0;0;733
85;1774199164670,095160;50000;30000;0;0;733
86;1774199164770,341008;50000;30000;0;0;693
87;1774199164870,119928;50000;30000;0;0;693
88;1774199164970,120920;50000;30000;0;0;713
89;1774199165070,137784;50000;30000;0;0;713
90;1774199165170,120880;50000;30000;0;0;713
91;1774199165270,122032;50000;30000;0;0;713
92;1774199165370,108992;50000;30000;0;0;713
93;1774199165470,111944;50000;30000;0;0;713
94;1774199165570,109064;50000;30000;0;0;713
95;1774199165670,111320;50000;30000;0;-6;713
96;1774199165770,117928;50000;30000;0;-6;693
97;1774199165870,125536;50000;30000;0;0;693
98;1774199165970,125072;50000;30000;0;0;713
99;1774199166070,120936;50000;30000;0;0;713
100;1774199166170,119208;50000;30000;0;0;713
101;1774199166270,121832;50000;30000;0;0;713
102;1774199166370,108776;50000;30000;0;0;713
103;1774199166470,122560;50000;30000;0;0;713
104;1774199166570,123608;50000;30000;0;0;713
105;1774199166670,118920;50000;30000;0;0;713
106;1774199166770,111664;50000;30000;0;0;713
107;1774199166870,103896;50000;30000;0;0;713
108;1774199166970,458008;50000;30000;0;0;713
109;1774199167070,117600;50000;30000;0;0;693
110;1774199167170,125208;50000;30000;0;0;693
111;1774199167270,121496;50000;30000;0;0;733
112;1774199167370,121440;50000;30000;0;0;713
113;1774199167470,136208;50000;30000;0;0;693
114;1774199167570,107912;50000;30000;0;0;693
115;1774199167670,112336;50000;30000;0;0;713
116;1774199167770,125864;50000;30000;0;0;713
117;1774199167870,120136;50000;30000;0;0;713
118;1774199167970,120768;50000;30000;0;0;713
119;1774199168070,127984;50000;30000;0;0;713
120;1774199168170,109000;50000;30000;0;-3;693
121;1774199168270,123736;50000;30000;0;0;713
122;1774199168370,126488;50000;30000;0;0;713
123;1774199168470,112096;50000;30000;0;0;713
124;1774199168570,119928;50000;30000;0;0;713
125;1774199168670,121952;50000;30000;0;0;713
126;1774199168770,110032;50000;30000;0;0;713
127;1774199168870,126128;50000;30000;0;0;713
128;1774199168970,389016;50000;30000;0;0;713
129;1774199169070,119016;50000;30000;39673;0;693
130;1774199169170,121408;50000;30000;79241;0;713
131;1774199169270,137352;50000;30000;100000;0;713
132;1774199169370,123144;50000;30000;100000;0;713
133;1774199169470,122592;50000;30000;100000;0;713
134;1774199169570,122224;50000;30000;100000;0;713
135;1774199169670,124048;50000;30000;100000;0;713
136;1774199169770,126264;50000;30000;100000;0;713
137;1774199169870,119528;50000;30000;100000;1701;713
138;1774199169970,126792;50000;30000;4573;1701;713
139;1774199170070,124928;50000;30000;100000;2572;713
140;1774199170170,110632;50000;30000;76685;3466;713
141;1774199170270,121032;50000;30000;90148;4372;713
142;1774199170370,121456;50000;30000;100000;4372;713
143;1774199170470,126584;50000;30000;100000;5252;713
144;1774199170570,124016;50000;30000;100000;6105;713
145;1774199170670,111392;50000;30000;100000;6913;772
146;1774199170770,116976;50000;30000;100000;7691;891
147;1774199170870,128120;50000;30000;100000;7691;990
148;1774199170970,127008;50000;30000;100000;8440;990
149;1774199171070,119168;50000;30000;100000;9178;1069
150;1774199171170,111080;50000;30000;100000;9893;1149
151;1774199171270,137216;50000;30000;100000;9893;1386
152;1774199171370,127776;50000;30000;100000;10579;1386
153;1774199171470,127000;50000;30000;100000;11259;1505
154;1774199171570,134696;50000;30000;100000;11944;1584
155;1774199171670,123904;50000;30000;100000;11944;1644
156;1774199171770,120088;50000;30000;100000;12613;1644
157;1774199171870,128400;50000;30000;100000;13261;1683
158;1774199171970,123576;50000;30000;100000;13877;1723
159;1774199172070,121336;50000;30000;100000;13877;1723
160;1774199172170,120416;50000;30000;100000;14476;1723
161;1774199172270,122560;50000;30000;100000;15064;1723
162;1774199172370,110936;50000;30000;100000;15605;1842
163;1774199172470,129016;50000;30000;100000;16152;2020
164;1774199172570,119176;50000;30000;100000;16152;2079
165;1774199172670,118408;50000;30000;100000;16693;2079
166;1774199172770,126424;50000;30000;100000;17216;2139
167;1774199172870,117880;50000;30000;100000;17726;2257
168;1774199172970,111424;50000;30000;100000;17726;2317
169;1774199173070,126600;50000;30000;100000;18220;2317
170;1774199173170,123104;50000;30000;100000;18704;2396
171;1774199173270,133432;50000;30000;100000;19190;2396
172;1774199173370,112264;50000;30000;100000;19190;2436
173;1774199173470,127432;50000;30000;100000;19647;2436
174;1774199173570,113248;50000;30000;100000;20095;2456
175;1774199173670,111864;50000;30000;100000;20527;2515
176;1774199173770,121928;50000;30000;100000;20527;2634
177;1774199173870,108192;50000;30000;100000;20938;2634
178;1774199173970,111432;50000;30000;100000;21372;2772
179;1774199174070,143416;50000;30000;100000;21780;2891
180;1774199174170,126880;50000;30000;100000;21780;2970
181;1774199174270,123024;50000;30000;100000;22176;2970
182;1774199174370,133344;50000;30000;100000;22555;3089
183;1774199174470,121456;50000;30000;100000;22931;3168
184;1774199174570,109736;50000;30000;100000;22931;3248
185;1774199174670,122648;50000;30000;100000;23296;3248
186;1774199174770,124904;50000;30000;100000;23649;3307
187;1774199174870,112736;50000;30000;100000;24002;3406
188;1774199174970,109728;50000;30000;100000;24337;3485
189;1774199175070,133496;50000;30000;100000;24337;3604
190;1774199175170,109912;50000;30000;100000;24664;3604
191;1774199175270,122808;50000;30000;100000;24974;3743
192;1774199175370,120000;50000;30000;100000;25260;3842
193;1774199175470,120696;50000;30000;100000;25260;3941
194;1774199175570,111168;50000;30000;100000;25524;3941
195;1774199175670,122792;50000;30000;100000;25775;4079
196;1774199175770,113232;50000;30000;100000;26021;4198
197;1774199175870,117360;50000;30000;100000;26021;4277
198;1774199175970,126352;50000;30000;100000;26291;4277
199;1774199176070,118368;50000;30000;100000;26568;4337
200;1774199176170,123736;50000;30000;98982;26837;4436
201;1774199176270,142568;50000;30000;97701;26837;4555
202;1774199176370,122520;50000;30000;100000;27086;4555
203;1774199176470,122400;50000;30000;97319;27309;4654
204;1774199176570,126856;50000;30000;97612;27517;4792
205;1774199176670,112640;50000;30000;97182;27517;4911
206;1774199176770,119488;50000;30000;100000;27714;5030
207;1774199176870,123264;50000;30000;96559;27917;5030
208;1774199176970,113040;50000;30000;94380;28122;5109
209;1774199177070,122832;50000;30000;92058;28328;5208
210;1774199177170,111976;50000;30000;89657;28328;5307
211;1774199177270,122984;50000;30000;100000;28536;5307
212;1774199177370,110344;50000;30000;86723;28738;5406
213;1774199177470,122520;50000;30000;84230;28924;5505
214;1774199177570,129080;50000;30000;82654;28924;5644
215;1774199177670,112384;50000;30000;96431;29091;5644
216;1774199177770,123408;50000;30000;82669;29262;5763
217;1774199177870,127720;50000;30000;79618;29433;5881
218;1774199177970,117656;50000;30000;76535;29433;6000
219;1774199178070,123520;50000;30000;88674;29604;6000
220;1774199178170,127560;50000;30000;73977;29777;6139
221;1774199178270,143368;50000;30000;70181;29945;6218
222;1774199178370,111128;50000;30000;66872;29945;6317
223;1774199178470,126344;50000;30000;78141;30104;6317
224;1774199178570,110960;50000;30000;63813;30252;6436
225;1774199178670,126848;50000;30000;60940;30396;6594
226;1774199178770,121912;50000;30000;57361;30396;6733
227;1774199178870,129192;50000;30000;66488;30547;6733
228;1774199178970,113288;50000;30000;52350;30697;6852
229;1774199179070,134640;50000;30000;48050;30836;6970
230;1774199179170,125944;50000;30000;44599;30981;7050
231;1774199179270,109760;50000;30000;39668;30981;7169
232;1774199179370,128512;50000;30000;48023;31114;7169
233;1774199179470,123152;50000;30000;34683;31256;7287
234;1774199179570,124352;50000;30000;29260;31400;7386
235;1774199179670,117144;50000;30000;23968;31400;7525
236;1774199179770,121904;50000;30000;31768;31545;7525
237;1774199179870,122416;50000;30000;16826;31681;7664
238;1774199179970,125520;50000;30000;12129;31803;7802
239;1774199180070,122872;50000;30000;7983;31803;7941
240;1774199180170,125096;50000;30000;13707;31924;7941
241;1774199180270,122520;50000;30000;327;32020;8060
242;1774199180370,132912;50000;30000;0;32086;8159
243;1774199180470,122480;50000;30000;0;32086;8297
244;1774199180570,120824;50000;30000;0;32138;8297
245;1774199180670,121120;50000;30000;0;32127;8416
246;1774199180770,111880;50000;30000;0;32023;8555
247;1774199180870,125184;50000;30000;4985;31751;8773
248;1774199180970,126192;50000;30000;19972;31751;8792
249;1774199181070,110472;50000;30000;0;31314;8792
250;1774199181170,116912;50000;30000;36732;30752;8911
251;1774199181270,125936;50000;30000;56640;30159;9010
252;1774199181370,110584;50000;30000;71869;30159;9109
253;1774199181470,123008;50000;30000;32088;29557;9109
254;1774199181570,121760;50000;30000;86334;28970;9188
255;1774199181670,119592;50000;30000;99918;28391;9268
256;1774199181770,117840;50000;30000;100000;28391;9347
257;1774199181870,128208;50000;30000;75851;27830;9347
258;1774199181970,125672;50000;30000;100000;27286;9426
259;1774199182070,120920;50000;30000;100000;26756;9505
260;1774199182170,112088;50000;30000;100000;26756;9565
261;1774199182270,125216;50000;30000;100000;26247;9565
262;1774199182370,110984;50000;30000;100000;25758;9624
263;1774199182470,121312;50000;30000;100000;25289;9703
264;1774199182570,119448;50000;30000;100000;25289;9763
265;1774199182670,118376;50000;30000;100000;24818;9842
266;1774199182770,121168;50000;30000;100000;24398;9842
267;1774199182870,120080;50000;30000;100000;24210;9901
268;1774199182970,112592;50000;30000;100000;24239;9980
269;1774199183070,126040;50000;30000;100000;24239;10020
270;1774199183170,124632;50000;30000;100000;24401;10020
271;1774199183270,123728;50000;30000;100000;24621;10099
272;1774199183370,111568;50000;30000;100000;24881;10178
273;1774199183470,127568;50000;30000;100000;24881;10297
274;1774199183570,111104;50000;30000;100000;25168;10297
275;1774199183670,111464;50000;30000;100000;25466;10297
276;1774199183770,125768;50000;30000;100000;25747;10396
277;1774199183870,122120;50000;30000;100000;25747;10515
278;1774199183970,155128;50000;30000;100000;26016;10515
279;1774199184070,118104;50000;30000;100000;26282;10614
280;1774199184170,122440;50000;30000;100000;26548;10693
281;1774199184270,122664;50000;30000;100000;26548;10773
282;1774199184370,123000;50000;30000;100000;26797;10773
283;1774199184470,121600;50000;30000;100000;27031;10852
284;1774199184570,122696;50000;30000;100000;27260;10971
285;1774199184670,110952;50000;30000;100000;27260;11109
286;1774199184770,121432;50000;30000;100000;27509;11109
287;1774199184870,125736;50000;30000;98703;27737;11208
288;1774199184970,111168;50000;30000;97914;27975;11307
289;1774199185070,123816;50000;30000;94686;28197;11406
290;1774199185170,118704;50000;30000;93033;28197;11525
291;1774199185270,120848;50000;30000;100000;28414;11525
292;1774199185370,133392;50000;30000;90643;28623;11624
293;1774199185470,122240;50000;30000;88366;28825;11743
294;1774199185570,122472;50000;30000;85758;28825;11862
295;1774199185670,133752;50000;30000;100000;29031;11862
296;1774199185770,122352;50000;30000;83788;29233;11981
297;1774199185870,125056;50000;30000;80448;29421;12099
298;1774199185970,129152;50000;30000;77956;29421;12218
299;1774199186070,126616;50000;30000;91268;29606;12218
300;1774199186170,119656;50000;30000;75277;29783;12337
301;1774199186270,133912;50000;30000;72180;29962;12456
302;1774199186370,118896;50000;30000;68009;29962;12575
303;1774199186470,117016;50000;30000;80027;30136;12575
304;1774199186570,127736;50000;30000;64368;30310;12693
305;1774199186670,125224;50000;30000;60061;30477;12832
306;1774199186770,120736;50000;30000;56048;30477;12951
307;1774199186870,140336;50000;30000;66613;30645;12951
308;1774199186970,112224;50000;30000;50797;30799;13070
309;1774199187070,122856;50000;30000;47263;30955;13208
310;1774199187170,122288;50000;30000;42300;31102;13307
311;1774199187270,117816;50000;30000;38109;31102;13446
312;1774199187370,119624;50000;30000;46496;31256;13446
313;1774199187470,136584;50000;30000;31162;31406;13585
314;1774199187570,112296;50000;30000;26118;31548;13723
315;1774199187670,122560;50000;30000;21468;31548;13862
316;1774199187770,122488;50000;30000;28879;31687;13862
317;1774199187870,126832;50000;30000;14266;31829;13981
318;1774199187970,111160;50000;30000;8472;31968;14119
319;1774199188070,135232;50000;30000;2946;31968;14258
320;1774199188170,119760;50000;30000;9610;32101;14258
321;1774199188270,118808;50000;30000;0;32205;14377
322;1774199188370,112384;50000;30000;0;32289;14535
323;1774199188470,134984;50000;30000;0;32289;14674
324;1774199188570,111816;50000;30000;0;32350;14674
325;1774199188670,123296;50000;30000;0;32370;14812
326;1774199188770,136224;50000;30000;0;32312;14931
327;1774199188870,123320;50000;30000;0;32312;15070
328;1774199188970,122424;50000;30000;0;32130;15070
329;1774199189070,134720;50000;30000;9235;31791;15208
330;1774199189170,120064;50000;30000;24891;31276;15327
331;1774199189270,123048;50000;30000;46541;30648;15446
332;1774199189370,437560;50000;30000;67308;30648;15486
333;1774199189470,112952;50000;30000;24564;29986;15486
334;1774199189570,120824;50000;30000;83662;29320;15684
335;1774199189670,128072;50000;30000;99695;28666;15763
336;1774199189770,112168;50000;30000;100000;28666;15862
337;1774199189870,123368;50000;30000;71742;28021;15862
338;1774199189970,133184;50000;30000;100000;27399;15961
339;1774199190070,135560;50000;30000;100000;26933;16060
340;1774199190170,112264;50000;30000;100000;26933;16139
341;1774199190270,122032;50000;30000;100000;26759;16139
342;1774199190370,134712;50000;30000;100000;26814;16218
343;1774199190470,133760;50000;30000;100000;26953;16278
344;1774199190570,124936;50000;30000;100000;26953;16357
345;1774199190670,122080;50000;30000;100000;27141;16357
346;1774199190770,123232;50000;30000;97208;27361;16436
347;1774199190870,123384;50000;30000;93636;27601;16555
348;1774199190970,120680;50000;30000;90065;27836;16654
349;1774199191070,134368;50000;30000;88051;27836;16654
350;1774199191170,111656;50000;30000;100000;28056;16773
351;1774199191270,135560;50000;30000;86650;28270;16832
352;1774199191370,111056;50000;30000;84517;28492;16911
353;1774199191470,122120;50000;30000;80929;28492;17010
354;1774199191570,125024;50000;30000;97785;28712;17010
355;1774199191670,124768;50000;30000;79880;28921;17149
356;1774199191770,112568;50000;30000;77403;29106;17268
357;1774199191870,400000;50000;30000;75972;29106;17387
358;1774199191970,110344;50000;30000;89507;29288;17387
359;1774199192070,120776;50000;30000;74195;29473;17486
360;1774199192170,120704;50000;30000;70541;29667;17604
361;1774199192270,135744;50000;30000;66050;29667;17664
362;1774199192370,112584;50000;30000;79423;29858;17664
363;1774199192470,129304;50000;30000;62583;30038;17802
364;1774199192570,127856;50000;30000;59278;30200;17941
365;1774199192670,117504;50000;30000;56535;30200;18060
366;1774199192770,121752;50000;30000;67080;30356;18060
367;1774199192870,134792;50000;30000;52678;30506;18159
368;1774199192970,117200;50000;30000;49017;30654;18278
369;1774199193070,109848;50000;30000;45033;30807;18397
370;1774199193170,390608;50000;30000;40136;30807;18397
371;1774199193270,124096;50000;30000;49300;30949;18535
372;1774199193370,123232;50000;30000;35404;31097;18634
373;1774199193470,127024;50000;30000;30255;31227;18793
374;1774199193570,110424;50000;30000;26868;31227;18931
375;1774199193670,111840;50000;30000;33932;31360;18931
376;1774199193770,133904;50000;30000;20267;31490;19050
377;1774199193870,123208;50000;30000;15567;31623;19169
378;1774199193970,119616;50000;30000;10240;31623;19288
379;1774199194070,134672;50000;30000;16973;31745;19288
380;1774199194170,110840;50000;30000;3831;31861;19406
381;1774199194270,124424;50000;30000;0;31962;19545
382;1774199194370,125080;50000;30000;0;31962;19704
383;1774199194470,122376;50000;30000;2013;32046;19704
384;1774199194570,120464;50000;30000;0;32089;19822
385;1774199194670,122544;50000;30000;0;32066;19961
386;1774199194770,122592;50000;30000;0;32066;20060
387;1774199194870,124080;50000;30000;0;31939;20060
388;1774199194970,128104;50000;30000;5731;31658;20258
389;1774199195070,122320;50000;30000;20071;31207;20377
390;1774199195170,127392;50000;30000;39997;31207;20496
391;1774199195270,113064;50000;30000;8290;30657;20496
392;1774199195370,121888;50000;30000;56439;30075;20595
393;1774199195470,120984;50000;30000;71520;29505;20694
394;1774199195570,119384;50000;30000;84198;28935;20793
395;1774199195670,111512;50000;30000;98403;28935;20872
396;1774199195770,112512;50000;30000;61784;28380;20872
397;1774199195870,123272;50000;30000;100000;27839;21010
398;1774199195970,125008;50000;30000;100000;27318;21109
399;1774199196070,121800;50000;30000;100000;27318;21208
400;1774199196170,118792;50000;30000;100000;26806;21208
401;1774199196270,136704;50000;30000;100000;26308;21288
402;1774199196370,118680;50000;30000;100000;25874;21347
403;1774199196470,124848;50000;30000;100000;25874;21446
404;1774199196570,126272;50000;30000;100000;25700;21446
405;1774199196670,111352;50000;30000;100000;25735;21525
406;1774199196770,110752;50000;30000;100000;25891;21624
407;1774199196870,127376;50000;30000;100000;25891;21684
408;1774199196970,113120;50000;30000;100000;26082;21684
409;1774199197070,133288;50000;30000;100000;26308;21783
410;1774199197170,124944;50000;30000;100000;26560;21882
411;1774199197270,110888;50000;30000;100000;26560;21961
412;1774199197370,120872;50000;30000;100000;26814;22040
413;1774199197470,127760;50000;30000;100000;27060;22040
414;1774199197570,106432;50000;30000;99114;27303;22179
415;1774199197670,122824;50000;30000;97416;27535;22238
416;1774199197770,121728;50000;30000;96250;27535;22377
417;1774199197870,123136;50000;30000;100000;27766;22377
418;1774199197970,119864;50000;30000;94007;28001;22476
419;1774199198070,128448;50000;30000;91196;28215;22575
420;1774199198170,119256;50000;30000;90100;28215;22674
421;1774199198270,122392;50000;30000;100000;28426;22674
422;1774199198370,118912;50000;30000;87633;28634;22793
423;1774199198470,112848;50000;30000;84954;28851;22912
424;1774199198570,119944;50000;30000;81022;28851;23030
425;1774199198670,123080;50000;30000;97018;29062;23030
426;1774199198770,121168;50000;30000;79424;29259;23129
427;1774199198870,117832;50000;30000;76951;29447;23268
428;1774199198970,119792;50000;30000;74039;29447;23387
429;1774199199070,128664;50000;30000;87317;29635;23387
430;1774199199170,121368;50000;30000;71029;29818;23525
431;1774199199270,111320;50000;30000;67564;29986;23644
432;1774199199370,119896;50000;30000;64781;29986;23783
433;1774199199470,126144;50000;30000;75996;30156;23783
434;1774199199570,121336;50000;30000;60568;30324;23902
435;1774199199670,128856;50000;30000;56565;30486;24040
436;1774199199770,110048;50000;30000;52671;30642;24139
437;1774199199870,133400;50000;30000;48700;30642;24278
438;1774199199970,123336;50000;30000;58274;30802;24278
439;1774199200070,121544;50000;30000;43025;30949;24417
440;1774199200170,110568;50000;30000;39229;31102;24575
441;1774199200270,137208;50000;30000;33943;31102;24674
442;1774199200370,121240;50000;30000;42716;31253;24674
443;1774199200470,123216;50000;30000;27644;31395;24793
444;1774199200570,108320;50000;30000;23197;31531;24951
445;1774199200670,113032;50000;30000;18506;31531;25090
446;1774199200770,119368;50000;30000;25555;31661;25090
447;1774199200870,109968;50000;30000;11750;31791;25228
448;1774199200970,111280;50000;30000;6458;31918;25367
449;1774199201070,125032;50000;30000;1257;31918;25486
450;1774199201170,119024;50000;30000;7214;32034;25486
451;1774199201270,126248;50000;30000;0;32098;25644
452;1774199201370,111160;50000;30000;0;32121;25763
453;1774199201470,124560;50000;30000;0;32121;25902
454;1774199201570,122416;50000;30000;0;32098;25902
455;1774199201670,119976;50000;30000;0;31968;26021
456;1774199201770,109512;50000;30000;6617;31675;26120
457;1774199201870,136992;50000;30000;21773;31227;26258
458;1774199201970,110888;50000;30000;40643;31227;26397
459;1774199202070,118864;50000;30000;9101;30683;26397
460;1774199202170,127936;50000;30000;56700;30095;26516
461;1774199202270,127520;50000;30000;72656;29499;26615
462;1774199202370,127752;50000;30000;87278;29499;26714
463;1774199202470,123952;50000;30000;48176;28912;26714
464;1774199202570,118544;50000;30000;100000;28336;26832
465;1774199202670,108904;50000;30000;100000;27784;26931
466;1774199202770,120760;50000;30000;100000;27784;27030
467;1774199202870,121928;50000;30000;89626;27254;27030
468;1774199202970,111400;50000;30000;100000;26742;27110
469;1774199203070,137968;50000;30000;100000;26383;27209
470;1774199203170,112192;50000;30000;100000;26383;27268
471;1774199203270,122640;50000;30000;100000;26282;27268
472;1774199203370,125048;50000;30000;100000;26369;27367
473;1774199203470,120776;50000;30000;100000;26525;27446
474;1774199203570,108088;50000;30000;100000;26525;27545
475;1774199203670,123824;50000;30000;100000;26716;27545
476;1774199203770,121864;50000;30000;100000;26927;27625
477;1774199203870,123024;50000;30000;98825;27153;27743
478;1774199203970,126488;50000;30000;96558;27393;27842
479;1774199204070,121344;50000;30000;93648;27393;27922
480;1774199204170,123432;50000;30000;100000;27616;27922
481;1774199204270,123928;50000;30000;92957;27844;28021
482;1774199204370,125952;50000;30000;90288;28073;28139
483;1774199204470,111688;50000;30000;87705;28073;28219
484;1774199204570,121080;50000;30000;100000;28299;28219
485;1774199204670,133320;50000;30000;85080;28501;28337
486;1774199204770,109576;50000;30000;84059;28698;28436
487;1774199204870,122560;50000;30000;81749;28698;28535
488;1774199204970,133600;50000;30000;96597;28889;28535
489;1774199205070,116944;50000;30000;81039;29094;28654
490;1774199205170,122032;50000;30000;76659;29300;28753
491;1774199205270,139040;50000;30000;72973;29300;28892
492;1774199205370,109016;50000;30000;87603;29491;28892
493;1774199205470,111376;50000;30000;71250;29673;29011
494;1774199205570,121144;50000;30000;68168;29838;29130
495;1774199205670,123888;50000;30000;65838;29838;29347
496;1774199205770,121568;50000;30000;77055;30009;29367
497;1774199205870,135160;50000;30000;61823;30177;29367
498;1774199205970,119440;50000;30000;58015;30336;29506
499;1774199206070,121920;50000;30000;54577;30492;29644
500;1774199206170,125024;50000;30000;50612;30492;29783
501;1774199206270,125056;50000;30000;60385;30645;29783
502;1774199206370,111864;50000;30000;45859;30790;29902
503;1774199206470,133056;50000;30000;42146;30935;30040
504;1774199206570,123904;50000;30000;37663;30935;30159
505;1774199206670,117512;50000;30000;46078;31079;30159
506;1774199206770,122344;50000;30000;31752;31212;30298
507;1774199206870,133072;50000;30000;27933;31345;30417
508;1774199206970,109640;50000;30000;23166;31345;30575
509;1774199207070,122384;50000;30000;30267;31473;30575
510;1774199207170,120632;50000;29976;16504;31591;30714
511;1774199207270,122528;50000;29976;12283;31713;30852
512;1774199207370,122504;50000;29969;6925;31713;30971
513;1774199207470,122504;50000;29969;12726;31834;30971
514;1774199207570,121808;50000;30000;29;31953;31110
515;1774199207670,111832;50000;30000;0;32063;31268
516;1774199207770,127608;50000;30000;0;32063;31407
517;1774199207870,119560;50000;30000;277;32147;31526
518;1774199207970,123640;50000;27747;0;32188;31526
519;1774199208070,125680;50000;27747;0;32153;31684
520;1774199208170,113112;50000;30000;0;31988;31823
521;1774199208270,124648;50000;30000;7494;31988;31961
522;1774199208370,121352;50000;27109;0;31644;31961
523;1774199208470,128320;50000;27109;0;31192;32080
524;1774199208570,110912;50000;30000;42892;30686;32159
525;1774199208670,140600;50000;30000;57020;30686;32258
526;1774199208770,118176;50000;30000;22334;30075;32258
527;1774199208870,122112;50000;30000;76670;29436;32357
528;1774199208970,125848;50000;30000;93701;28802;32437
529;1774199209070,124632;50000;30000;100000;28802;32536
530;1774199209170,120400;50000;30000;66852;28186;32536
531;1774199209270,136448;50000;30000;100000;27590;32615
532;1774199209370,110872;50000;30000;100000;27014;32714
533;1774199209470,122560;50000;30000;100000;27014;32773
534;1774199209570,108528;50000;30000;100000;26438;32773
535;1774199209670,118704;50000;30000;100000;25885;32833
536;1774199209770,126192;50000;30000;100000;25341;32892
537;1774199209870,121168;50000;30000;100000;24823;32971
538;1774199209970,122288;50000;30000;100000;24823;33070
539;1774199210070,120792;50000;30000;100000;24427;33070
540;1774199210170,110240;50000;30000;100000;24326;33130
541;1774199210270,124400;50000;30000;100000;24442;33189
542;1774199210370,121160;50000;30000;100000;24442;33248
543;1774199210470,118208;50000;30000;100000;24647;33248
544;1774199210570,137560;50000;30000;100000;24893;33328
545;1774199210670,123648;50000;30000;100000;25179;33407
546;1774199210770,124128;50000;30000;100000;25179;33486
547;1774199210870,125808;50000;30000;100000;25483;33486
548;1774199210970,123992;50000;30000;100000;25784;33585
549;1774199211070,112744;50000;30000;100000;26065;33664
550;1774199211170,123728;50000;30000;100000;26065;33763
551;1774199211270,112416;50000;30000;100000;26331;33763
552;1774199211370,122784;50000;29922;100000;26600;33862
553;1774199211470,137200;50000;29922;100000;26861;33981
554;1774199211570,119000;50000;29255;87249;26861;34100
555;1774199211670,121048;50000;29255;100000;27109;34100
556;1774199211770,128656;50000;28303;66900;27341;34179
557;1774199211870,121376;50000;28303;64134;27572;34298
558;1774199211970,120800;50000;29137;75990;27815;34397
559;1774199212070,122192;50000;29137;71509;27815;34536
560;1774199212170,122696;50000;26671;41931;28061;34536
561;1774199212270,124880;50000;26671;18165;28293;34654
562;1774199212370,119576;50000;28610;49163;28510;34773
563;1774199212470,123752;50000;28610;45389;28510;34892
564;1774199212570,111152;50000;26056;10759;28715;34892
565;1774199212670,128376;50000;26056;0;28915;34991
566;1774199212770,119816;50000;28910;39597;29112;35130
567;1774199212870,124840;50000;28910;35107;29112;35288
568;1774199212970,121408;50000;25206;0;29306;35288
569;1774199213070,119424;50000;25206;0;29499;35407
570;1774199213170,111168;50000;27410;0;29682;35546
571;1774199213270,126000;50000;27410;0;29682;35684
572;1774199213370,125792;50000;24297;0;29864;35684
573;1774199213470,113344;50000;24297;0;30032;35803
574;1774199213570,119232;50000;27121;0;30165;35922
575;1774199213670,126984;50000;27121;0;30266;36060
576;1774199213770,120496;50000;24662;0;30266;36239
577;1774199213870,123080;50000;24662;0;30312;36239
578;1774199213970,127648;50000;23238;0;30266;36357
579;1774199214070,119768;50000;23238;0;30087;36496
580;1774199214170,122392;50000;24310;0;30087;36654
581;1774199214270,133440;50000;24310;0;29737;36654
582;1774199214370,108376;50000;23465;0;29198;36773
583;1774199214470,119104;50000;23465;0;28530;36892
584;1774199214570,125456;50000;24529;21912;28530;37011
585;1774199214670,123448;50000;24529;0;27792;37011
586;1774199214770,120352;50000;25008;48024;27092;37090
587;1774199214870,133840;50000;25008;58479;26398;37189
588;1774199214970,112864;50000;26832;100000;26398;37288
589;1774199215070,124680;50000;26832;60697;25718;37288
590;1774199215170,122328;50000;27128;100000;25055;37367
591;1774199215270,117016;50000;27128;100000;24416;37447
592;1774199215370,120584;50000;28253;100000;24416;37506
593;1774199215470,111768;50000;28253;100000;23782;37506
594;1774199215570,119800;50000;29526;100000;23218;37546
595;1774199215670,118232;50000;29526;100000;22998;37605
596;1774199215770,121992;50000;30000;100000;23076;37704
597;1774199215870,123112;50000;30000;100000;23076;37744
598;1774199215970,120992;50000;29055;100000;23336;37744
599;1774199216070,122464;50000;29055;100000;23666;37843
600;1774199216170,117616;50000;30000;100000;24016;37922
601;1774199216270,123728;50000;30000;100000;24016;37981
602;1774199216370,126240;50000;28372;100000;24375;37981
603;1774199216470,121224;50000;28372;100000;24719;38060
604;1774199216570,121392;50000;30000;100000;25055;38140
605;1774199216670,117752;50000;30000;100000;25055;38219
606;1774199216770,126496;50000;28463;100000;25382;38219
607;1774199216870,124344;50000;28463;95035;25700;38298
608;1774199216970,124520;50000;30000;100000;26007;38397
609;1774199217070,122824;50000;30000;100000;26007;38496
610;1774199217170,120168;50000;27422;86009;26293;38496
611;1774199217270,122888;50000;27422;61961;26554;38595
612;1774199217370,126800;50000;28910;87690;26808;38694
613;1774199217470,123016;50000;28910;85139;26808;38773
614;1774199217570,120560;50000;26759;63419;27060;38773
615;1774199217670,123296;50000;26759;40576;27332;38912
616;1774199217770,122408;50000;28181;59791;27607;39031
617;1774199217870,117032;50000;28181;54186;27856;39150
618;1774199217970,128832;50000;24325;0;27856;39268
619;1774199218070,199144;50000;24325;0;28090;39268
620;1774199218170,112904;50000;24430;0;28310;39407
621;1774199218270,128160;50000;24430;0;28527;39526
622;1774199218370,120456;50000;23711;0;28527;39625
623;1774199218470,117696;50000;23711;0;28744;39625
624;1774199218570,124840;50000;24507;0;28947;39763
625;1774199218670,126256;50000;24507;0;29115;39862
626;1774199218770,111496;50000;23839;0;29115;39981
627;1774199218870,139968;50000;23839;0;29233;39981
628;1774199218970,118976;50000;24015;0;29285;40120
629;1774199219070,123304;50000;24015;0;29245;40219
630;1774199219170,124112;50000;23334;0;29245;40358
631;1774199219270,117984;50000;23334;0;29062;40358
632;1774199219370,125904;50000;22837;0;28683;40437
633;1774199219470,134408;50000;22837;0;28108;40575
634;1774199219570,117824;50000;23745;14252;28108;40694
635;1774199219670,127560;50000;23745;0;27402;40773
636;1774199219770,119640;50000;21488;0;26684;40773
637;1774199219870,128592;50000;21488;8269;25981;40892
638;1774199219970,124384;50000;24381;72938;25301;40991
639;1774199220070,119872;50000;24381;85443;25301;41070
640;1774199220170,109704;50000;22562;3782;24633;41070
641;1774199220270,123200;50000;22562;60640;24094;41150
642;1774199220370,121040;50000;25400;100000;23889;41249
643;1774199220470,120384;50000;25400;99409;23889;41328
644;1774199220570,111160;50000;23584;52700;23976;41328
645;1774199220670,117464;50000;23584;44443;24210;41387
646;1774199220770,128520;50000;26128;77555;24514;41486
647;1774199220870,128992;50000;26128;68236;24514;41565
648;1774199220970,119904;50000;24178;53043;24855;41565
649;1774199221070,124528;50000;24178;21705;25208;41664
650;1774199221170,126648;50000;25680;40613;25535;41764
651;1774199221270,117000;50000;25680;35201;25535;41863
652;1774199221370,128648;50000;22829;2231;25819;41863
653;1774199221470,123800;50000;22829;0;26088;41962
654;1774199221570,118080;50000;24469;0;26374;42061
655;1774199221670,113120;50000;24469;0;26684;42179
656;1774199221770,121880;50000;21662;0;26684;42278
657;1774199221870,123672;50000;21662;0;26950;42278
658;1774199221970,122216;50000;21651;0;27150;42377
659;1774199222070,136200;50000;21651;0;27271;42496
660;1774199222170,111408;50000;21504;0;27271;42595
661;1774199222270,126328;50000;21504;0;27326;42595
662;1774199222370,124080;50000;21285;0;27269;42694
663;1774199222470,110448;50000;21285;0;27046;42793
664;1774199222570,121488;50000;21355;0;27046;42932
665;1774199222670,122984;50000;21355;0;26623;42932
666;1774199222770,118696;50000;19942;0;26039;43031
667;1774199222870,122496;50000;19942;0;25402;43130
668;1774199222970,124520;50000;20329;0;25402;43229
669;1774199223070,118960;50000;20329;0;24748;43229
670;1774199223170,121776;50000;20386;5021;24106;43308
671;1774199223270,122552;50000;20386;13751;23487;43387
672;1774199223370,119144;50000;21259;38852;23487;43447
673;1774199223470,124672;50000;21259;0;22885;43447
674;1774199223570,137656;50000;22273;68600;22289;43526
675;1774199223670,117272;50000;22273;81575;21704;43585
676;1774199223770,133456;50000;22407;97254;21134;43665
677;1774199223870,111008;50000;22407;100000;21134;43704
678;1774199223970,117000;50000;21744;59966;20799;43704
679;1774199224070,135480;50000;21744;91142;20735;43764
680;1774199224170,123184;50000;23928;100000;20929;43823
681;1774199224270,121416;50000;23928;96085;20929;43863
682;1774199224370,120568;50000;23100;97008;21247;43863
683;1774199224470,124112;50000;23100;71079;21606;43922
684;1774199224570,124592;50000;24577;90780;21973;44021
685;1774199224670,113352;50000;24577;85393;21973;44061
686;1774199224770,109264;50000;22070;65016;22329;44061
687;1774199224870,128392;50000;22070;32940;22662;44160
688;1774199224970,121072;50000;23274;49444;22960;44219
689;1774199225070,123616;50000;23274;45485;22960;44318
690;1774199225170,119016;50000;20914;20282;23252;44318
691;1774199225270,124216;50000;20914;0;23553;44397
692;1774199225370,122000;50000;21838;1223;23857;44476
693;1774199225470,136144;50000;21838;0;23857;44575
694;1774199225570,113208;50000;19622;0;24155;44575
695;1774199225670,127544;50000;19622;0;24427;44694
696;1774199225770,120720;50000;20265;0;24653;44793
697;1774199225870,112344;50000;20265;0;24852;44912
698;1774199225970,120864;50000;16873;0;24852;45031
699;1774199226070,124056;50000;16873;0;24997;45031
700;1774199226170,109680;50000;16158;0;25081;45130
701;1774199226270,128496;50000;16158;0;25067;45269
702;1774199226370,112208;50000;15884;0;25067;45368
703;1774199226470,134584;50000;15884;0;24922;45368
704;1774199226570,110064;50000;15520;0;24609;45467
705;1774199226670,121936;50000;15520;0;24109;45566
706;1774199226770,126336;50000;15766;0;24109;45665
707;1774199226870,123360;50000;15766;0;23501;45665
708;1774199226970,120752;50000;15697;0;22894;45744
709;1774199227070,134680;50000;15697;0;22303;45823
710;1774199227170,121648;50000;16453;0;22303;45902
711;1774199227270,127008;50000;16453;0;21719;45902
712;1774199227370,117928;50000;16695;2464;21155;45962
713;1774199227470,111928;50000;16695;7884;20608;46041
714;1774199227570,125008;50000;17333;26129;20608;46120
715;1774199227670,122864;50000;17333;0;20067;46120
716;1774199227770,122080;50000;16891;25753;19540;46160
717;1774199227870,112152;50000;16891;33108;19028;46239
718;1774199227970,125576;50000;17836;59037;18579;46278
719;1774199228070,123416;50000;17836;63877;18579;46318
720;1774199228170,110968;50000;17584;28117;18435;46318
721;1774199228270,126504;50000;17584;39892;18565;46377
722;1774199228370,122120;50000;18989;44431;18877;46417
723;1774199228470,123440;50000;18989;25403;18877;46477
724;1774199228570,121496;50000;18038;28058;19265;46477
725;1774199228670,112208;50000;18038;0;19679;46536
726;1774199228770,108056;50000;18757;0;20101;46615
727;1774199228870,122256;50000;18757;0;20101;46675
728;1774199228970,133576;50000;16448;0;20527;46675
729;1774199229070,113232;50000;16448;0;20938;46754
730;1774199229170,109032;50000;17384;0;21319;46833
731;1774199229270,122120;50000;17384;0;21319;46912
732;1774199229370,118984;50000;14832;0;21684;46912
733;1774199229470,123192;50000;14832;0;22017;47011
734;1774199229570,127200;50000;15601;0;22300;47090
735;1774199229670,112040;50000;15601;0;22488;47170
736;1774199229770,597688;50000;13249;0;22488;47269
737;1774199229870,121416;50000;13249;0;22558;47269
738;1774199229970,120816;50000;12778;0;22448;47368
739;1774199230070,122184;50000;12778;0;22159;47427
740;1774199230170,126752;50000;12656;0;22159;47526
741;1774199230270,111520;50000;12656;0;21696;47526
742;1774199230370,125296;50000;12399;0;21160;47605
743;1774199230470,127456;50000;12399;0;20613;47764
744;1774199230570,118104;50000;11082;0;20613;47764
745;1774199230670,117320;50000;11082;0;20084;47764
746;1774199230770,125184;50000;12789;0;19560;47803
747;1774199230870,119600;50000;12789;0;19048;47882
748;1774199230970,109168;50000;13547;0;19048;47942
749;1774199231070,416448;50000;13547;0;18553;47942
750;1774199231170,111424;50000;13164;0;18073;48001
751;1774199231270,123088;50000;13164;0;17601;48061
752;1774199231370,126112;50000;13150;0;17601;48100
753;1774199231470,121472;50000;13150;0;17141;48140
754;1774199231570,109008;50000;13011;0;16684;48140
755;1774199231670,112104;50000;13011;1308;16250;48180
756;1774199231770,113048;50000;14453;33028;15825;48219
757;1774199231870,128704;50000;14453;40184;15825;48279
758;1774199231970,121304;50000;13500;0;15420;48279
759;1774199232070,125216;50000;13500;28273;15023;48298
760;1774199232170,112760;50000;14527;54375;14644;48338
761;1774199232270,122560;50000;14527;61571;14644;48378
762;1774199232370,116872;50000;14019;26335;14372;48378
763;1774199232470,117144;50000;14019;50119;14433;48397
764;1774199232570,125296;50000;14978;44514;14792;48437
765;1774199232670,139080;50000;14978;16824;14792;48477
766;1774199232770,120104;50000;14125;24545;15289;48477
767;1774199232870,123696;50000;14125;0;15833;48536
768;1774199232970,127168;50000;14248;0;16398;48576
769;1774199233070,127632;50000;14248;0;16398;48635
770;1774199233170,119696;50000;12601;0;16976;48635
771;1774199233270,128528;50000;12601;0;17538;48675
772;1774199233370,124760;50000;13248;0;18073;48774
773;1774199233470,125016;50000;13248;0;18553;48813
774;1774199233570,125904;50000;10546;0;18553;48892
775;1774199233670,113152;50000;10546;0;18990;48892
776;1774199233770,117808;50000;10249;0;19372;48972
777;1774199233870,122944;50000;10249;0;19667;49051
778;1774199233970,125592;50000;9269;0;19667;49150
779;1774199234070,111256;50000;9269;0;19847;49150
780;1774199234170,119432;50000;7903;0;19864;49249
781;1774199234270,127784;50000;7903;0;19711;49328
782;1774199234370,110072;50000;6958;0;19711;49387
783;1774199234470,122000;50000;6958;0;19384;49387
784;1774199234570,118888;50000;7539;0;18924;49486
785;1774199234670,112208;50000;7539;0;18443;49566
786;1774199234770,119232;50000;6336;0;18443;49645
787;1774199234870,122344;50000;6336;0;17963;49645
788;1774199234970,127960;50000;6122;0;17491;49704
789;1774199235070,109856;50000;6122;0;17031;49764
790;1774199235170,124392;50000;6776;0;17031;49823
791;1774199235270,122424;50000;6776;0;16583;49823
792;1774199235370,119024;50000;6938;0;16143;49883
793;1774199235470,128624;50000;6938;0;15718;49922
794;1774199235570,126920;50000;7178;0;15307;49962
795;1774199235670,119128;50000;7178;0;15307;50021
796;1774199235770,121440;50000;6817;0;14910;50021
797;1774199235870,111232;50000;6817;0;14531;50081
798;1774199235970,117272;50000;7446;0;14158;50120
799;1774199236070,137520;50000;7446;0;14158;50140
800;1774199236170,109024;50000;6989;0;13788;50140
801;1774199236270,121320;50000;6989;0;13429;50180
802;1774199236370,126504;50000;8244;0;13079;50199
803;1774199236470,124080;50000;8244;0;13079;50239
804;1774199236570,110592;50000;7831;0;12743;50239
805;1774199236670,122648;50000;7831;0;12410;50259
806;1774199236770,117912;50000;8487;0;12098;50279
807;1774199236870,119912;50000;8487;0;12098;50318
808;1774199236970,118856;50000;8097;0;11782;50318
809;1774199237070,126952;50000;8097;0;11476;50338
810;1774199237170,110312;50000;8455;0;11169;50358
811;1774199237270,122416;50000;8455;0;10874;50378
812;1774199237370,123216;50000;8240;0;10874;50397
813;1774199237470,110864;50000;8240;0;10587;50397
814;1774199237570,121960;50000;8375;0;10312;50417
815;1774199237670,123408;50000;8375;0;10052;50437
816;1774199237770,118808;50000;8377;0;10052;50457
817;1774199237870,125264;50000;8377;0;9795;50457
818;1774199237970,123424;50000;8309;0;9540;50457
819;1774199238070,120512;50000;8309;0;9291;50457
820;1774199238170,112416;50000;9194;0;9291;50477
821;1774199238270,136128;50000;9194;0;9051;50477
822;1774199238370,120944;50000;8974;0;8817;50477
823;1774199238470,123208;50000;8974;0;8594;50496
824;1774199238570,118768;50000;9142;0;8594;50536
825;1774199238670,111816;50000;9142;0;8371;50536
826;1774199238770,122416;50000;7881;0;8154;50516
827;1774199238870,122568;50000;7881;0;7934;50536
828;1774199238970,118024;50000;9108;0;7934;50536
829;1774199239070,123344;50000;9108;0;7726;50536
830;1774199239170,121320;50000;9079;0;7523;50516
831;1774199239270,120152;50000;9079;0;7321;50536
832;1774199239370,112240;50000;9691;0;7130;50536
833;1774199239470,129360;50000;9691;0;7130;50556
834;1774199239570,368216;50000;9021;0;6947;50556
835;1774199239670,123216;50000;9021;0;6768;50556
836;1774199239770,110256;50000;8960;0;6594;50556
837;1774199239870,125224;50000;8960;0;6594;50576
838;1774199239970,124120;50000;8898;0;6424;50576
839;1774199240070,135880;50000;8898;0;6262;50576
840;1774199240170,127568;50000;8834;0;6102;50576
841;1774199240270,112424;50000;8834;0;6102;50576
842;1774199240370,120416;50000;9099;0;5943;50576
843;1774199240470,127432;50000;9099;0;5787;50576
844;1774199240570,119560;50000;9220;0;5637;50595
845;1774199240670,112464;50000;9220;0;5637;50595
846;1774199240770,126312;50000;8611;0;5492;50595
847;1774199240870,112792;50000;8611;0;5347;50595
848;1774199240970,120664;50000;8908;0;5205;50576
849;1774199241070,112960;50000;8908;0;5205;50576
850;1774199241170,111064;50000;9705;0;5069;50576
851;1774199241270,123912;50000;9705;0;4936;50576
852;1774199241370,112456;50000;9475;0;4809;50496
853;1774199241470,121144;50000;9475;0;4685;50595
854;1774199241570,110584;50000;10334;0;4685;50595
855;1774199241670,124096;50000;10334;0;4563;50595
856;1774199241770,121416;50000;8182;0;4444;50576
857;1774199241870,122064;50000;8182;0;4326;50595
858;1774199241970,118832;50000;8957;0;4326;50595
859;1774199242070,120840;50000;8957;0;4216;50595
860;1774199242170,122088;50000;8697;0;4106;50576
861;1774199242270,124528;50000;8697;0;4005;50576
862;1774199242370,120792;50000;9521;0;4005;50576
863;1774199242470,110472;50000;9521;0;3903;50576
864;1774199242570,111328;50000;9306;0;3799;50595
865;1774199242670,137360;50000;9306;0;3701;50595
866;1774199242770,119632;50000;8526;0;3701;50595
867;1774199242870,110936;50000;8526;0;3602;50595
868;1774199242970,126912;50000;8737;0;3507;50576
869;1774199243070,121952;50000;8737;0;3414;50576
870;1774199243170,110952;50000;9490;0;3414;50576
871;1774199243270,125728;50000;9490;0;3325;50576
872;1774199243370,122000;50000;9238;0;3235;50576
873;1774199243470,120440;50000;9238;0;3154;50576
874;1774199243570,118528;50000;9099;0;3070;50576
875;1774199243670,112200;50000;9099;0;3070;50595
876;1774199243770,110496;50000;8686;0;2992;50595
877;1774199243870,122376;50000;8686;0;2914;50576
878;1774199243970,310624;50000;8774;0;2841;50576
879;1774199244070,111120;50000;8774;0;2841;50615
880;1774199244170,118424;50000;8476;0;2766;50615
881;1774199244270,121968;50000;8476;0;2697;50576
882;1774199244370,110424;50000;8622;0;2627;50576
883;1774199244470,121544;50000;8622;0;2627;50576
884;1774199244570,118008;50000;9341;0;2558;50576
885;1774199244670,112232;50000;9341;0;2491;50576
886;1774199244770,122120;50000;9073;0;2425;50576
887;1774199244870,124056;50000;9073;0;2425;50576
888;1774199244970,112368;50000;8925;0;2361;50576
889;1774199245070,111328;50000;8925;0;2297;50556
890;1774199245170,122664;50000;9166;0;2254;50576
891;1774199245270,110936;50000;9166;0;2182;50576
892;1774199245370,126368;50000;8637;0;2182;50576
893;1774199245470,125096;50000;8637;0;2127;50576
894;1774199245570,118648;50000;8666;0;2075;50576
895;1774199245670,122104;50000;8666;0;2020;50576
896;1774199245770,126464;50000;8668;0;2020;50576
897;1774199245870,120688;50000;8668;0;1968;50576
898;1774199245970,120088;50000;8656;0;1916;50576
899;1774199246070,121832;50000;8656;0;1866;50556
900;1774199246170,110352;50000;8967;0;1866;50576
901;1774199246270,121616;50000;8967;0;1820;50576
902;1774199246370,120696;50000;8473;0;1774;50576
903;1774199246470,113064;50000;8473;0;1730;50576
904;1774199246570,134088;50000;8520;0;1730;50576
905;1774199246670,117248;50000;8520;0;1684;50576
906;1774199246770,125280;50000;8531;0;1641;50576
907;1774199246870,117008;50000;8531;0;1597;50576
908;1774199246970,120696;50000;8524;0;1597;50556
909;1774199247070,134104;50000;8524;0;1554;50556
910;1774199247170,118744;50000;9166;0;1516;50556
911;1774199247270,123904;50000;9166;0;1476;50556
912;1774199247370,132872;50000;8859;0;1438;50576
913;1774199247470,121384;50000;8859;0;1438;50556
914;1774199247570,117896;50000;8363;0;1403;50556
915;1774199247670,121416;50000;8363;0;1366;50556
916;1774199247770,121296;50000;8738;0;1331;50556
917;1774199247870,112112;50000;8738;0;1331;50556
918;1774199247970,129080;50000;8605;0;1299;50556
919;1774199248070,112888;50000;8605;0;1264;50556
920;1774199248170,124696;50000;8526;0;1233;50556
921;1774199248270,120896;50000;8526;0;1233;50556
922;1774199248370,120120;50000;8474;0;1068;50556
923;1774199248470,110320;50000;8474;0;0;50556
924;1774199248570,117224;50000;8435;0;0;50556
925;1774199248670,113200;50000;8435;0;0;50556
926;1774199248770,117800;50000;8403;0;0;50556
927;1774199248870,120888;50000;8403;0;0;50556
928;1774199248970,111256;50000;8375;0;0;50556
929;1774199249070,120704;50000;8375;0;0;50556
930;1774199249170,110168;50000;8348;0;0;50556
931;1774199249270,127696;50000;8348;0;0;50556
932;1774199249370,125000;50000;8323;0;0;50556
933;1774199249470,124176;50000;8323;0;0;50556
934;1774199249570,120040;50000;8297;0;0;50556
935;1774199249670,122488;50000;8297;0;0;50556
936;1774199249770,122856;50000;8272;0;0;50556
937;1774199249870,121840;50000;8272;0;0;50556
938;1774199249970,119808;50000;8247;0;0;50556
939;1774199250070,111792;50000;8247;0;0;50556
940;1774199250170,121336;50000;8222;0;0;50556
941;1774199250270,112896;50000;8222;0;0;50556
942;1774199250370,124760;50000;8198;0;0;50556
943;1774199250470,113192;50000;8198;0;0;50556
944;1774199250570,118776;50000;8173;0;0;50536
945;1774199250670,110248;50000;8173;0;0;50536
946;1774199250770,110448;50000;8806;0;0;50536
947;1774199250870,112256;50000;8806;0;0;50536
948;1774199250970,117024;50000;8496;0;0;50536
949;1774199251070,109680;50000;8496;0;0;50536
950;1774199251170,120224;50000;8327;0;0;50556
951;1774199251270,120192;50000;8327;0;0;50536
952;1774199251370,138616;50000;7900;0;0;50536
953;1774199251470,122800;50000;7900;0;0;50536
954;1774199251570,118680;50000;8311;0;0;50536
955;1774199251670,121072;50000;8311;0;0;50536
956;1774199251770,127800;50000;8198;0;0;50536
957;1774199251870,113288;50000;8198;0;0;50536
958;1774199251970,119248;50000;8128;0;0;50536
959;1774199252070,134216;50000;8128;0;0;50556
960;1774199252170,112864;50000;7752;0;0;50556
961;1774199252270,109712;50000;7752;0;0;50457
962;1774199252370,120568;50000;9176;0;0;50556
963;1774199252470,123744;50000;9176;0;0;50536
964;1774199252570,121832;50000;7330;0;0;50536
965;1774199252670,122440;50000;7330;0;0;50536
966;1774199252770,120376;50000;7952;0;0;50536
967;1774199252870,140280;50000;7952;0;0;50536
968;1774199252970,105808;50000;7945;0;0;50536
969;1774199253070,124880;50000;7945;0;0;50536
970;1774199253170,121432;50000;7930;0;3;50536
971;1774199253270,122560;50000;7930;0;0;50536
972;1774199253370,124960;50000;7910;0;0;50536
973;1774199253470,122616;50000;7910;0;0;50536
974;1774199253570,120200;50000;7889;0;0;50536
975;1774199253670,121264;50000;7889;0;0;50536
976;1774199253770,119424;50000;7866;0;0;50536
977;1774199253870,123600;50000;7866;0;0;50536
978;1774199253970,128824;50000;7842;0;0;50536
979;1774199254070,113184;50000;7842;0;0;50536
980;1774199254170,122112;50000;7819;0;0;50536
981;1774199254270,126696;50000;7819;0;0;50536
982;1774199254370,121168;50000;7795;0;0;50536
983;1774199254470,122864;50000;7795;0;0;50536
984;1774199254570,120496;50000;7771;0;0;50536
985;1774199254670,133744;50000;7771;0;0;50536
986;1774199254770,111256;50000;7747;0;0;50536
987;1774199254870,124216;50000;7747;0;0;50496
988;1774199254970,122328;50000;8382;0;0;50556
989;1774199255070,117576;50000;8382;0;0;50556
990;1774199255170,120792;50000;6755;0;0;50536
991;1774199255270,126000;50000;6755;0;0;50536
992;1774199255370,120816;50000;7817;0;0;50536
993;1774199255470,112704;50000;7817;0;0;50536
994;1774199255570,125112;50000;7723;0;0;50536
995;1774199255670,112600;50000;7723;0;0;50536
996;1774199255770,123128;50000;7664;0;0;50536
997;1774199255870,122888;50000;7664;0;0;50516
998;1774199255970,118352;50000;7951;0;0;50516
999;1774199256070,113192;50000;7951;0;-6;50516
1000;1774199256170,120632;50000;8105;0;0;50516
1001;1774199256270,121448;50000;8105;0;0;50516
1002;1774199256370,111584;50000;7861;0;0;50516
1003;1774199256470,137168;50000;7861;0;0;50516
1004;1774199256570,119928;50000;7726;0;0;50516
1005;1774199256670,108568;50000;7726;0;0;50516
1006;1774199256770,108760;50000;7647;0;0;50516
1007;1774199256870,126960;50000;7647;0;0;50516
1008;1774199256970,111488;50000;7595;0;0;50516
1009;1774199257070,120664;50000;7595;0;0;50516
1010;1774199257170,111160;50000;7558;0;0;50516
1011;1774199257270,138536;50000;7558;0;0;50516
1012;1774199257370,111088;50000;7527;0;0;50516
1013;1774199257470,120464;50000;7527;0;0;50516
1014;1774199257570,109760;50000;7501;0;0;50516
1015;1774199257670,126568;50000;7501;0;0;50516
1016;1774199257770,122288;50000;7476;0;0;50516
1017;1774199257870,112024;50000;7476;0;0;50516
1018;1774199257970,110864;50000;7452;0;0;50516
1019;1774199258070,122704;50000;7452;0;0;50516
1020;1774199258170,119960;50000;7428;0;0;50516
1021;1774199258270,123024;50000;7428;0;0;50536
1022;1774199258370,120832;50000;7076;0;0;50516
1023;1774199258470,112248;50000;7076;0;0;50516
1024;1774199258570,121432;50000;7525;0;0;50516
1025;1774199258670,132992;50000;7525;0;0;50516
1026;1774199258770,120336;50000;7431;0;0;50516
1027;1774199258870,109520;50000;7431;0;0;50516
1028;1774199258970,119616;50000;7372;0;0;50516
1029;1774199259070,111024;50000;7372;0;0;50516
1030;1774199259170,108512;50000;7331;0;0;50516
1031;1774199259270,133032;50000;7331;0;0;50516
1032;1774199259370,110056;50000;7299;0;0;50516
1033;1774199259470,122704;50000;7299;0;0;50516
1034;1774199259570,124576;50000;7271;0;0;50516
1035;1774199259670,111416;50000;7271;0;0;50516
1036;1774199259770,122064;50000;7245;0;0;50516
1037;1774199259870,120672;50000;7245;0;0;50516
1038;1774199259970,119056;50000;7221;0;0;50516
1039;1774199260070,110792;50000;7221;0;0;50516
1040;1774199260170,122336;50000;7197;0;0;50516
1041;1774199260270,124752;50000;7197;0;0;50516
1042;1774199260370,119504;50000;7174;0;0;50536
1043;1774199260470,129040;50000;7174;0;0;50516
1044;1774199260570,128400;50000;6822;0;0;50516
1045;1774199260670,112288;50000;6822;0;0;50516
1046;1774199260770,133976;50000;7271;0;0;50516
1047;1774199260870,122512;50000;7271;0;0;50516
1048;1774199260970,120912;50000;7177;0;0;50516
1049;1774199261070,123928;50000;7177;0;0;50516
1050;1774199261170,117824;50000;7118;0;0;50496
1051;1774199261270,121952;50000;7118;0;0;50496
1052;1774199261370,118992;50000;7735;0;0;50496
1053;1774199261470,123040;50000;7735;0;0;50496
1054;1774199261570,119944;50000;7417;0;0;50496
1055;1774199261670,120296;50000;7417;0;0;50516
1056;1774199261770,119560;50000;6916;0;0;50516
1057;1774199261870,119136;50000;6916;0;0;50516
1058;1774199261970,119160;50000;6632;0;0;50496
1059;1774199262070,127896;50000;6632;0;0;50496
1060;1774199262170,124776;50000;7445;0;0;50516
1061;1774199262270,128128;50000;7445;0;0;50516
1062;1774199262370,381736;50000;6567;0;0;50496
1063;1774199262470,117264;50000;6567;0;0;50496
1064;1774199262570,119160;50000;7390;0;0;50516
1065;1774199262670,123152;50000;7390;0;0;50516
1066;1774199262770,121088;50000;6517;0;0;50516
1067;1774199262870,122448;50000;6517;0;0;50496
1068;1774199262970,124592;50000;7013;0;0;50516
1069;1774199263070,121232;50000;7013;0;0;50397
1070;1774199263170,122976;50000;8589;0;0;50397
1071;1774199263270,123752;50000;8589;0;0;50496
1072;1774199263370,119512;50000;8157;0;0;50496
1073;1774199263470,123136;50000;8157;0;0;50496
1074;1774199263570,124512;50000;5973;0;0;50496
1075;1774199263670,126160;50000;5973;0;0;50516
1076;1774199263770,111328;50000;6076;0;0;50496
1077;1774199263870,119032;50000;6076;0;0;50516
1078;1774199263970,123416;50000;6426;0;0;50516
1079;1774199264070,121752;50000;6426;0;-3;50496
1080;1774199264170,110064;50000;6593;0;0;50496
1081;1774199264270,126776;50000;6593;0;0;50496
1082;1774199264370,120416;50000;6995;0;0;50496
1083;1774199264470,127256;50000;6995;0;0;50496
1084;1774199264570,122504;50000;6878;0;0;50496
1085;1774199264670,121096;50000;6878;0;0;50496
1086;1774199264770,118232;50000;6808;0;0;50496
1087;1774199264870,120328;50000;6808;0;0;50496
1088;1774199264970,126760;50000;6761;0;0;50496
1089;1774199265070,109976;50000;6761;0;0;50477
1090;1774199265170,109816;50000;7056;0;0;50496
1091;1774199265270,123584;50000;7056;0;0;50496
1092;1774199265370,106624;50000;6556;0;0;50496
1093;1774199265470,120368;50000;6556;0;0;50496
1094;1774199265570,124664;50000;6601;0;0;50496
1095;1774199265670,112168;50000;6601;0;0;50496
1096;1774199265770,120992;50000;6613;0;0;50477
1097;1774199265870,135032;50000;6613;0;0;50516
1098;1774199265970,112088;50000;6608;0;0;50496
1099;1774199266070,120240;50000;6608;0;0;50496
1100;1774199266170,121336;50000;6595;0;0;50496
1101;1774199266270,123200;50000;6595;0;0;50496
1102;1774199266370,112224;50000;6577;0;0;50496
1103;1774199266470,134024;50000;6577;0;0;50496
1104;1774199266570,107192;50000;6557;0;0;50496
1105;1774199266670,110528;50000;6557;0;0;50496
1106;1774199266770,119592;50000;6536;0;0;50496
1107;1774199266870,122536;50000;6536;0;0;50477
1108;1774199266970,118944;50000;6844;0;-6;50477
1109;1774199267070,123944;50000;6844;0;0;50477
1110;1774199267170,111264;50000;7008;0;0;50477
1111;1774199267270,121320;50000;7008;0;0;50477
1112;1774199267370,112032;50000;6771;0;0;50477
1113;1774199267470,128120;50000;6771;0;0;50496
1114;1774199267570,120464;50000;6312;0;0;50477
1115;1774199267670,122152;50000;6312;0;0;50477
1116;1774199267770,120832;50000;6707;0;0;50477
1117;1774199267870,126120;50000;6707;0;0;50477
1118;1774199267970,107968;50000;6587;0;0;50477
1119;1774199268070,121008;50000;6587;0;0;50477
1120;1774199268170,122760;50000;6516;0;0;50477
1121;1774199268270,134864;50000;6516;0;0;50477
1122;1774199268370,122128;50000;6469;0;0;50477
1123;1774199268470,110696;50000;6469;0;0;50496
1124;1774199268570,108240;50000;6106;0;0;50496
1125;1774199268670,122896;50000;6106;0;0;50477
1126;1774199268770,119968;50000;6221;0;0;50477
1127;1774199268870,123304;50000;6221;0;0;50477
1128;1774199268970,119024;50000;6598;0;0;50477
1129;1774199269070,126672;50000;6598;0;0;50477
1130;1774199269170,111536;50000;6468;0;0;50477
1131;1774199269270,117312;50000;6468;0;0;50477
1132;1774199269370,125016;50000;6392;0;0;50477
1133;1774199269470,112320;50000;6392;0;0;50477
1134;1774199269570,120304;50000;6343;0;0;50477
1135;1774199269670,123176;50000;6343;0;0;50477
1136;1774199269770,119888;50000;6308;0;0;50477
1137;1774199269870,122472;50000;6308;0;0;50477
1138;1774199269970,124688;50000;6279;0;0;50477
1139;1774199270070,123688;50000;6279;0;0;50477
1140;1774199270170,120048;50000;6255;0;0;50477
1141;1774199270270,126232;50000;6255;0;0;50477
1142;1774199270370,122368;50000;6231;0;0;50477
1143;1774199270470,122624;50000;6231;0;0;50477
1144;1774199270570,117216;50000;6209;0;0;50477
1145;1774199270670,122288;50000;6209;0;0;50477
1146;1774199270770,111528;50000;6188;0;0;50477
1147;1774199270870,137864;50000;6188;0;0;50477
1148;1774199270970,108392;50000;6166;0;0;50477
1149;1774199271070,120024;50000;6166;0;0;50477
1150;1774199271170,118496;50000;6145;0;0;50477
1151;1774199271270,121944;50000;6145;0;0;50457
1152;1774199271370,119568;50000;6453;0;0;50477
1153;1774199271470,124360;50000;6453;0;0;50477
1154;1774199271570,112184;50000;5959;0;0;50477
1155;1774199271670,118920;50000;5959;0;0;50457
1156;1774199271770,121256;50000;6338;0;0;50457
1157;1774199271870,127760;50000;6338;0;0;50457
1158;1774199271970,117808;50000;6539;0;0;50457
1159;1774199272070,125568;50000;6539;0;0;50457
1160;1774199272170,117792;50000;6321;0;0;50477
1161;1774199272270,121872;50000;6321;0;0;50477
1162;1774199272370,120680;50000;5542;0;0;50477
1163;1774199272470,138056;50000;5542;0;0;50477
1164;1774199272570,120264;50000;5756;0;0;50457
1165;1774199272670,122672;50000;5756;0;0;50457
1166;1774199272770,126968;50000;6513;0;0;50457
1167;1774199272870,120032;50000;6513;0;0;50457
1168;1774199272970,128800;50000;6266;0;0;50457
1169;1774199273070,134920;50000;6266;0;0;50477
1170;1774199273170,108704;50000;5802;0;0;50477
1171;1774199273270,118496;50000;5802;0;0;50477
1172;1774199273370,118840;50000;5537;0;0;50477
1173;1774199273470,125048;50000;5537;0;0;50477
1174;1774199273570,108352;50000;5703;0;0;50457
1175;1774199273670,123480;50000;5703;0;0;50457
1176;1774199273770,119696;50000;6434;0;0;50457
1177;1774199273870,117608;50000;6434;0;0;50457
1178;1774199273970,132976;50000;6175;0;0;50378
1179;1774199274070,123632;50000;6175;0;0;50378
1180;1774199274170,112384;50000;8667;0;0;50477
1181;1774199274270,125576;50000;8667;0;0;50477
1182;1774199274370,127560;50000;4151;0;0;50457
1183;1774199274470,113064;50000;4151;0;0;50457
1184;1774199274570,121608;50000;5610;0;0;50477
1185;1774199274670,127096;50000;5610;0;0;50477
1186;1774199274770,112896;50000;5060;0;0;50457
1187;1774199274870,118216;50000;5060;0;0;50457
1188;1774199274970,124256;50000;6049;0;0;50457
1189;1774199275070,124368;50000;6049;0;0;50457
1190;1774199275170,120264;50000;5921;0;0;50457
1191;1774199275270,127304;50000;5921;0;0;50477
1192;1774199275370,120304;50000;5516;0;0;50477
1193;1774199275470,112448;50000;5516;0;0;50457
1194;1774199275570,118888;50000;5611;0;0;50457
1195;1774199275670,117152;50000;5611;0;0;50457
1196;1774199275770,119432;50000;5978;0;0;50457
1197;1774199275870,127280;50000;5978;0;0;50457
1198;1774199275970,110560;50000;5844;0;0;50457
1199;1774199276070,121944;50000;5844;0;0;50457
1200;1774199276170,113168;50000;5766;0;0;50457
1201;1774199276270,122944;50000;5766;0;0;50457
1202;1774199276370,121984;50000;5716;0;0;50457
1203;1774199276470,117888;50000;5716;0;0;50457
1204;1774199276570,118064;50000;5681;0;0;50457
1205;1774199276670,117784;50000;5681;0;0;50437
1206;1774199276770,120368;50000;5982;0;0;50417
1207;1774199276870,128624;50000;5982;0;0;50457
1208;1774199276970,121448;50000;6145;0;0;50457
1209;1774199277070,121216;50000;6145;0;0;50457
1210;1774199277170,126000;50000;5249;0;0;50457
1211;1774199277270,123096;50000;5249;0;0;50457
1212;1774199277370,116928;50000;5405;0;0;50457
1213;1774199277470,134904;50000;5405;0;0;50457
1214;1774199277570,119472;50000;5474;0;0;50457
1215;1774199277670,111680;50000;5474;0;0;50457
1216;1774199277770,135896;50000;5499;0;0;50457
1217;1774199277870,117344;50000;5499;0;6;50457
1218;1774199277970,124232;50000;5501;0;0;50457
1219;1774199278070,111840;50000;5501;0;0;50437
1220;1774199278170,107952;50000;5821;0;0;50437
1221;1774199278270,120536;50000;5821;0;0;50437
1222;1774199278370,128552;50000;5993;0;0;50457
1223;1774199278470,124008;50000;5993;0;0;50457
1224;1774199278570,121024;50000;5103;0;0;50457
1225;1774199278670,126000;50000;5103;0;0;50457
1226;1774199278770,119664;50000;5261;0;0;50457
1227;1774199278870,120400;50000;5261;0;0;50457
1228;1774199278970,122984;50000;5331;0;0;50457
1229;1774199279070,121192;50000;5331;0;0;50457
1230;1774199279170,109320;50000;5356;0;0;50457
1231;1774199279270,124920;50000;5356;0;0;50437
1232;1774199279370,134800;50000;5688;0;0;50437
1233;1774199279470,111608;50000;5688;0;0;50457
1234;1774199279570,119392;50000;5537;0;0;50457
1235;1774199279670,128792;50000;5537;0;0;50457
1236;1774199279770,124680;50000;5121;0;0;50457
1237;1774199279870,122120;50000;5121;0;0;50437
1238;1774199279970,120720;50000;5540;0;0;50437
1239;1774199280070,285672;50000;5540;0;0;50457
1240;1774199280170,110800;50000;5432;0;0;50457
1241;1774199280270,112416;50000;5432;0;0;50437
1242;1774199280370,117456;50000;5368;0;0;50437
1243;1774199280470,112736;50000;5368;0;0;50457
1244;1774199280570,126712;50000;5325;0;0;50457
1245;1774199280670,119208;50000;5325;0;0;50457
1246;1774199280770,109680;50000;4965;0;0;50457
1247;1774199280870,119768;50000;4965;0;0;50457
1248;1774199280970,120224;50000;5082;0;0;50437
1249;1774199281070,125288;50000;5082;0;0;50437
1250;1774199281170,110592;50000;5789;0;0;50437
1251;1774199281270,128672;50000;5789;0;0;50437
1252;1774199281370,126648;50000;5518;0;0;50437
1253;1774199281470,111192;50000;5518;0;0;50437
1254;1774199281570,122640;50000;5372;0;0;50437
1255;1774199281670,112352;50000;5372;0;0;50437
1256;1774199281770,119080;50000;5288;0;0;50437
1257;1774199281870,125016;50000;5288;0;0;50437
1258;1774199281970,111136;50000;5236;0;0;50437
1259;1774199282070,122144;50000;5236;0;0;50437
1260;1774199282170,110424;50000;5200;0;0;50417
1261;1774199282270,126664;50000;5200;0;0;50437
1262;1774199282370,111200;50000;5501;0;0;50437
1263;1774199282470,121488;50000;5501;0;0;50437
1264;1774199282570,120824;50000;5005;0;0;50437
1265;1774199282670,123704;50000;5005;0;0;50437
1266;1774199282770,112864;50000;5054;0;0;50437
1267;1774199282870,122504;50000;5054;0;0;50437
1268;1774199282970,117440;50000;5069;0;0;50437
1269;1774199283070,122552;50000;5069;0;0;50437
1270;1774199283170,120360;50000;5068;0;0;50437
1271;1774199283270,121312;50000;5068;0;0;50437
1272;1774199283370,119328;50000;5057;0;0;50437
1273;1774199283470,123736;50000;5057;0;0;50437
1274;1774199283570,121320;50000;5042;0;0;50437
1275;1774199283670,107896;50000;5042;0;0;50437
1276;1774199283770,128856;50000;5025;0;0;50437
1277;1774199283870,123608;50000;5025;0;0;50437
1278;1774199283970,118256;50000;5006;0;0;50437
1279;1774199284070,122600;50000;5006;0;0;50437
1280;1774199284170,119272;50000;4987;0;0;50437
1281;1774199284270,127104;50000;4987;0;0;50437
1282;1774199284370,124968;50000;4968;0;0;50437
1283;1774199284470,136160;50000;4968;0;0;50437
1284;1774199284570,106240;50000;4949;0;0;50437
1285;1774199284670,117848;50000;4949;0;0;50437
1286;1774199284770,126760;50000;4929;0;0;50457
1287;1774199284870,120896;50000;4929;0;0;50338
1288;1774199284970,110176;50000;6227;0;0;50437
1289;1774199285070,127904;50000;6227;0;0;50437
1290;1774199285170,109272;50000;4319;0;0;50437
1291;1774199285270,142048;50000;4319;0;0;50437
1292;1774199285370,120624;50000;4583;0;0;50437
1293;1774199285470,126608;50000;4583;0;0;50437
1294;1774199285570,108776;50000;4706;0;0;50437
1295;1774199285670,125032;50000;4706;0;0;50437
1296;1774199285770,118960;50000;4759;0;0;50437
1297;1774199285870,110008;50000;4759;0;0;50437
1298;1774199285970,119384;50000;4777;0;3;50437
1299;1774199286070,123408;50000;4777;0;0;50437
1300;1774199286170,119432;50000;4776;0;0;50437
1301;1774199286270,123008;50000;4776;0;0;50437
1302;1774199286370,109440;50000;4766;0;0;50437
1303;1774199286470,122552;50000;4766;0;0;50437
1304;1774199286570,122016;50000;4751;0;0;50437
1305;1774199286670,125784;50000;4751;0;0;50457
1306;1774199286770,108816;50000;4404;0;0;50457
1307;1774199286870,128896;50000;4404;0;0;50437
1308;1774199286970,121064;50000;4529;0;0;50437
1309;1774199287070,123296;50000;4529;0;0;50437
1310;1774199287170,120288;50000;4912;0;0;50437
1311;1774199287270,126832;50000;4912;0;0;50417
1312;1774199287370,119488;50000;5115;0;0;50437
1313;1774199287470,127552;50000;5115;0;0;50437
1314;1774199287570,124872;50000;4570;0;0;50437
1315;1774199287670,118216;50000;4570;0;0;50457
1316;1774199287770,117864;50000;4264;0;0;50437
1317;1774199287870,122056;50000;4264;0;0;50437
1318;1774199287970,120536;50000;4739;0;0;50437
1319;1774199288070,121744;50000;4739;0;0;50417
1320;1774199288170,119728;50000;4989;0;0;50437
1321;1774199288270,125608;50000;4989;0;0;50437
